{
    "Segmentation Evaluation Metrics v1.5": {
        "Cell Not Including Nucleus (cell membrane plus cytoplasm)": {
            "1/(AvgOfWeightedAvgCVMeanCellIntensitiesOver1~10NumberOfClusters+1)": 0.5555357682043812,
            "AvgOfWeightedAvgFractionOfFirstPCMeanCellIntensitiesOver1~10NumberOfClusters": 0.1849088726734793,
            "AvgSilhouetteOver1~10NumberOfClusters": 0.09947676342086245
        },
        "Matched Cell": {
            "1-FractionOfBackgroundOccupiedByCells": 0.8171408955488162,
            "1/(AvgCVForegroundOutsideCells+1)": 0.3132533093604995,
            "1/(CVOfCellSize+1)": 0.7173306442825295,
            "FractionOfCellMaskInForeground": 0.9652014427859826,
            "FractionOfFirstPCForegroundOutsideCells": 0.174736508812289,
            "FractionOfForegroundOccupiedByCells": 0.582823141640616,
            "NumberOfCellsPer100CubicMicrons": 0.09183568058951136,
            "WeightedAvgCellSizeinCubicMicrons": 681.3255317265257
        },
        "Nucleus (including nuclear membrane)": {
            "1/(AvgOfWeightedAvgCVMeanCellIntensitiesOver1~10NumberOfClusters+1)": 0.5009509798894507,
            "AvgOfWeightedAvgFractionOfFirstPCMeanCellIntensitiesOver1~10NumberOfClusters": 0.19535199942277992,
            "AvgSilhouetteOver1~10NumberOfClusters": 0.0456268620972059
        },
        "QualityScore": 78.5683168775134
    }
}